{
  "avg_normalized_reward": 0.2137962962962963,
  "avg_raw_reward": -0.22000000000000006,
  "sla_compliance_rate": 0.0,
  "tool_efficiency": 0.6999524353120243,
  "root_cause_accuracy": 0.3333333333333333,
  "long_horizon_consistency": 0.25,
  "skill_scores": {
    "investigation_before_action": 0.8333333333333334,
    "kb_cross_verification": 0.5833333333333334,
    "policy_checking": 0.9166666666666666,
    "stakeholder_proactivity": 0.3333333333333333,
    "root_cause_accuracy": 0.3333333333333333,
    "tone_matching": 0.5833333333333334,
    "resource_efficiency": 1.0,
    "red_herring_dismissal": 0.16666666666666666
  },
  "per_difficulty": {
    "easy": 0.13,
    "medium": 0.22222222222222224,
    "hard": 0.2622222222222222,
    "nightmare": 0.24074074074074073
  },
  "reward_history": [
    0.0,
    0.39,
    0.0,
    0.4166666666666667,
    0.18333333333333335,
    0.06666666666666667,
    0.34,
    0.14666666666666667,
    0.3,
    0.0,
    0.011111111111111112,
    0.7111111111111111
  ],
  "raw_reward_history": [
    -0.21,
    0.39,
    -5.0,
    0.5,
    0.22,
    0.08,
    0.51,
    0.22,
    0.45,
    -1.1,
    0.02,
    1.28
  ],
  "per_difficulty_reward_history": {
    "easy": [
      0.0,
      0.39,
      0.0
    ],
    "medium": [
      0.4166666666666667,
      0.18333333333333335,
      0.06666666666666667
    ],
    "hard": [
      0.34,
      0.14666666666666667,
      0.3
    ],
    "nightmare": [
      0.0,
      0.011111111111111112,
      0.7111111111111111
    ]
  },
  "behavior_examples": [
    "Investigation strategy: check_monitoring-before-fix 100% -> 83%.",
    "KB trust vs verification: kb_cross_verification 100% -> 58%.",
    "Long-horizon execution: consistency 0.00 -> 0.25."
  ],
  "policy_used": "trained_checkpoint",
  "episodes_per_difficulty": 3
}